City,Cloudiness,Country,Date,Humidity,Lat,Lng,Max Temp,Wind Speed
busselton,24,AU,1554150046,66,-33.64,115.35,16.67,3.58
hofn,90,IS,1554145200,100,64.25,-15.21,1,4.6
east london,32,ZA,1554150235,100,-33.02,27.91,19.06,10.88
kindu,64,CD,1554150236,83,-2.95,25.92,24.51,1.58
kapaa,1,US,1554149900,64,22.08,-159.32,25,2.78
dingle,24,PH,1554150044,91,11,122.67,23.51,4.93
atuona,76,PF,1554150047,100,-9.8,-139.03,26.86,4.63
ahipara,48,NZ,1554150237,96,-35.17,173.16,18.71,5.73
port elizabeth,1,US,1554150206,26,39.31,-74.98,11.67,4.6
ushuaia,75,AR,1554145200,87,-54.81,-68.31,12,2.36
tyup,8,KG,1554150237,100,42.73,78.36,-3.3,1.01
gizo,75,IL,1554150222,67,31.8,34.94,16,3.6
jamestown,0,AU,1554150066,83,-33.21,138.6,5.61,2.06
puerto ayora,20,EC,1554149804,70,-0.74,-90.35,30,6.7
vaini,0,IN,1554150238,91,15.34,74.49,19.16,0.48
san quintin,0,PH,1554150239,82,17.54,120.52,19.76,1.61
puerto madero,48,AR,1554150204,88,-34.61,-58.36,27.78,4.1
faya,0,SA,1554148800,82,18.39,42.45,18,4.1
rikitea,0,PF,1554150148,100,-23.12,-134.97,24.71,6.88
lebu,75,ET,1554148800,63,8.96,38.73,17,3.1
avarua,76,CK,1554148800,74,-21.21,-159.78,27,4.1
hobart,20,AU,1554150079,87,-42.88,147.33,7.22,5.1
mataura,92,NZ,1554150007,85,-46.19,168.86,9.44,0.45
dikson,80,RU,1554150057,99,73.51,80.55,-2.9,11.01
saskylakh,0,RU,1554150027,59,71.97,114.09,-13.45,2.63
albany,20,US,1554149675,25,42.65,-73.75,5.56,8.7
zavitinsk,0,RU,1554150241,76,50.11,129.44,-8.9,2.58
butaritari,56,KI,1554150043,100,3.07,172.79,28.61,5.03
bluff,0,AU,1554150029,79,-23.58,149.07,17.01,4.31
muli,0,IN,1554150242,39,22.62,71.45,23.36,1.28
santiago,0,CL,1554149997,36,-33.44,-70.65,27.78,2.6
cherskiy,80,RU,1554150243,72,68.75,161.3,-5.55,2.86
castro,90,CL,1554145200,93,-42.48,-73.76,12,8.2
tokur,0,RU,1554150244,67,53.13,132.9,-14.45,1.68
pangody,68,RU,1554150244,89,65.85,74.49,-4.85,4.18
georgetown,40,GY,1554145200,52,6.8,-58.16,32,3.86
khatanga,80,RU,1554150130,92,71.98,102.47,-1.85,5.31
broome,0,GB,1554150186,81,52.47,1.45,8.33,1.5
tasiilaq,0,GL,1554148200,68,65.61,-37.64,-4,4.1
jijiga,44,ET,1554150246,73,9.35,42.8,17.01,1.11
thunder bay,90,CA,1554150002,41,48.41,-89.26,5,5.7
curup,48,ID,1554150246,96,-3.47,102.53,20.51,0.43
hermanus,12,ZA,1554149779,59,-34.42,19.24,14.44,2.68
christchurch,24,NZ,1554150004,87,-43.53,172.64,11.67,1.5
mantua,0,IT,1554150231,44,45.16,10.79,16.67,2.6
pirovskoye,0,RU,1554150247,84,57.63,92.27,-1.9,2.71
kavaratti,0,IN,1554150248,100,10.57,72.64,28.56,4.03
gwadar,8,PK,1554150211,55,25.12,62.33,27.61,4.31
nanortalik,92,GL,1554150248,100,60.14,-45.24,-2.45,10.46
upernavik,56,GL,1554150248,100,72.79,-56.15,-8.1,3.13
barrow,20,AR,1554150249,35,-38.31,-60.23,28.46,5.06
pankovka,0,RU,1554150249,70,58.5,31.2,-1.2,3.23
punta arenas,90,CL,1554149563,93,-53.16,-70.91,13,2.6
pisco,0,PE,1554145200,30,-13.71,-76.2,22,6.7
cabo san lucas,5,MX,1554149816,36,22.89,-109.91,30.56,1
oranmore,75,IE,1554148800,87,53.27,-8.93,7,5.1
vila velha,92,BR,1554149889,100,-3.71,-38.6,25,0.89
esperance,20,TT,1554149792,49,10.24,-61.45,32,6.7
tyret pervaya,24,RU,1554150250,89,53.67,102.31,-0.95,3.41
broken hill,0,AU,1554145200,66,-31.97,141.45,13,2.23
badarwas,0,IN,1554150251,55,24.97,77.57,17.21,1.03
victoria,75,BN,1554147000,88,5.28,115.24,25,0.5
bara,0,NG,1554150251,22,10.41,10.6,27.41,3.91
norman wells,75,CA,1554145200,73,65.28,-126.83,-3,5.7
chuy,20,UY,1554150252,80,-33.69,-53.46,22.96,3.68
bethel,75,US,1554144960,69,60.79,-161.76,4,1.5
carnarvon,0,ZA,1554150252,35,-30.97,22.13,9.41,5.53
santa barbara,1,US,1554150033,27,34.42,-119.7,26.11,2.1
new norfolk,20,AU,1554150194,87,-42.78,147.06,7.22,5.1
san cristobal,75,EC,1554149740,63,-0.39,-78.55,20,6.2
baykit,88,RU,1554150254,82,61.68,96.39,-2.65,4.03
touros,40,BR,1554145200,100,-5.2,-35.46,26,1
khuzhir,56,RU,1554150097,78,53.19,107.35,-5.6,1.83
coahuayana,0,MX,1554150254,18,18.62,-100.35,30.96,1.38
nowy dwor gdanski,0,PL,1554150254,69,54.21,19.12,4.44,3.1
cape town,0,ZA,1554149891,62,-33.93,18.42,15.56,6.7
sena madureira,12,BR,1554150255,69,-9.07,-68.66,31.01,0.71
cookeville,1,US,1554150171,25,36.16,-85.5,13.33,3.6
port hedland,0,AU,1554147000,94,-20.31,118.58,23,2.1
havoysund,75,NO,1554148200,80,71,24.66,-1,6.7
chulumani,48,BO,1554150256,90,-16.41,-67.53,15.46,0.56
deputatskiy,24,RU,1554150256,49,69.3,139.9,-23.3,2.51
matara,40,PE,1554145200,54,-13.74,-72.9,15,1.11
spring hill,75,US,1554150246,93,28.46,-82.54,21.11,3.6
nome,90,US,1554150063,41,30.04,-94.42,15,4.6
pevek,12,RU,1554150258,73,69.7,170.27,-6.25,6.41
petropavlovsk-kamchatskiy,40,RU,1554147000,92,53.05,158.65,-2,2
bulgan,44,MN,1554150163,71,48.81,103.53,-4.7,1.23
saint-pierre,0,FR,1554150156,81,48.95,4.24,13,3.98
crossville,1,US,1554150015,25,35.95,-85.03,12.78,3.6
verkhniy baskunchak,76,KZ,1554150259,64,48.23,46.72,4.31,3.41
mahebourg,20,MU,1554149942,88,-20.41,57.7,23.89,2.6
coihaique,75,CL,1554145200,82,-45.58,-72.07,13,7.7
manjacaze,8,MZ,1554150260,69,-24.71,33.88,24.86,5.93
grindavik,40,IS,1554150116,100,63.84,-22.43,1.11,7.7
mitsamiouli,20,KM,1554148800,78,-11.38,43.28,27,2.1
qaqortoq,92,GL,1554148200,49,60.72,-46.03,-5,1
mar del plata,64,AR,1554150236,52,-46.43,-67.52,20.81,10.91
coleraine,75,GB,1554150008,87,55.13,-6.67,8.33,7.7
sukhobuzimskoye,0,RU,1554147000,79,56.5,93.28,-3,1
sioux lookout,90,CA,1554148500,50,50.1,-91.92,1,6.7
dakar,0,SN,1554147000,60,14.69,-17.45,22,8.2
tuktoyaktuk,20,CA,1554145200,77,69.44,-133.03,-14,5.1
kavieng,76,PG,1554150136,100,-2.57,150.8,28.71,4.73
sao joao da barra,75,BR,1554145200,65,-21.64,-41.05,26,6.2
sabha,0,LY,1554150055,54,27.03,14.43,19.01,1.71
hilo,1,US,1554149968,61,19.71,-155.08,26.11,2.26
didwana,0,IN,1554150263,38,27.4,74.58,19.16,1.06
port alfred,92,ZA,1554149972,83,-33.59,26.89,16.67,1.79
clyde river,90,CA,1554148800,84,70.47,-68.59,-18,4.1
atar,0,MR,1554150264,34,20.52,-13.05,18.46,1.03
namatanai,44,PG,1554150264,100,-3.66,152.44,27.71,4.43
turan,8,RU,1554150265,69,52.15,93.92,-9.15,0.91
san vicente,0,SV,1554150013,55,13.64,-88.78,32,3.6
torbay,75,CA,1554149783,72,47.66,-52.73,15,12.9
novyy svit,92,UA,1554150266,81,47.81,38.02,8.16,4.38
narsaq,92,GL,1554148200,49,60.91,-46.05,-5,1
kruisfontein,48,ZA,1554150175,83,-34,24.73,14.31,3.83
huarmey,44,PE,1554150267,63,-10.07,-78.15,24.61,2.03
labuhan,24,ID,1554150267,97,-2.54,115.51,21.86,0.98
vavoua,56,CI,1554150267,83,7.38,-6.48,25.36,1.68
ancud,90,CL,1554145200,93,-41.87,-73.83,12,8.2
margate,20,AU,1554150254,87,-43.03,147.26,7.22,5.1
saint-philippe,1,CA,1554150250,34,45.36,-73.48,3.33,3.6
port macquarie,75,AU,1554150005,100,-31.43,152.91,17.22,2.6
ribeira grande,40,PT,1554148800,71,38.52,-28.7,14,7.2
ponta do sol,76,BR,1554150269,58,-20.63,-46,25.26,0.48
nagapattinam,0,IN,1554150269,85,10.76,79.84,26.96,4.51
mirpur khas,0,PK,1554150269,36,25.53,69.01,23.86,1.28
kodiak,1,US,1554150124,7,39.95,-94.76,14,7.7
lompoc,75,US,1554150044,50,34.64,-120.46,26.11,4.6
airai,24,TL,1554150031,89,-8.93,125.41,19.41,0.56
alofi,40,NU,1554148800,78,-19.06,-169.92,27,3.6
matagami,8,NG,1554150270,32,9.67,8.4,23.56,2.68
arraial do cabo,0,BR,1554145200,61,-22.97,-42.02,27,1.5
ilhabela,0,BR,1554150060,98,-23.78,-45.36,24.71,5.38
bambous virieux,20,MU,1554149942,88,-20.34,57.76,23.89,2.6
skibbereen,75,IE,1554148800,75,51.55,-9.27,8,3.1
cockburn town,0,TC,1554150145,100,21.46,-71.14,25.76,5.51
council bluffs,1,US,1554150217,25,41.26,-95.86,17.22,7.2
sojat,0,IN,1554150272,36,25.92,73.67,19.41,1.38
kieta,64,PG,1554150272,100,-6.22,155.63,25.36,1.28
xingyi,0,CN,1554150272,75,24.19,102.82,15.06,2.91
ilulissat,20,GL,1554148200,48,69.22,-51.1,-8,10.8
chalon-sur-saone,0,FR,1554149887,66,46.78,4.85,12,0.5
yantal,88,RU,1554150273,73,56.85,105.25,-1.6,3.96
cidreira,0,BR,1554150273,71,-30.17,-50.22,25.21,5.26
bredasdorp,80,ZA,1554150274,95,-34.53,20.04,16.91,4.03
churapcha,20,RU,1554150274,63,62,132.43,-14.45,1.56
hovd,20,NO,1554150065,88,63.83,10.7,3.33,3.6
wangqing,0,CN,1554150275,69,43.31,129.76,-9.8,1.68
flinders,0,AU,1554150245,93,-34.58,150.85,16.11,3.6
ketchikan,1,US,1554144960,53,55.34,-131.65,14,7.2
kharitonovo,0,RU,1554150275,79,61.4,47.5,-4.95,3.86
filadelfia,48,PY,1554150276,74,-22.35,-60.04,29.61,6.33
folldal,24,NO,1554150276,75,62.14,10,-4.95,2.91
nouadhibou,0,MR,1554145200,72,20.93,-17.03,20,6.2
san patricio,88,PY,1554150277,74,-26.98,-56.83,27.76,1.01
rongcheng,24,CN,1554150277,83,37.16,122.42,-1.9,2.13
vardo,1,US,1554150075,28,39.62,-77.74,10,4.1
pemba,20,MZ,1554145200,83,-12.97,40.52,27,3.6
chisec,8,GT,1554150278,41,15.81,-90.29,29.46,1.11
panama city,90,US,1554150100,67,30.16,-85.65,20,2.1
meulaboh,92,ID,1554150278,100,4.14,96.13,25.21,1.93
shakhtinsk,75,KZ,1554147000,93,49.71,72.59,4,2
kahului,20,US,1554150222,65,20.89,-156.47,27,2.6
calama,20,CL,1554145200,25,-22.46,-68.93,23,8.7
coquimbo,75,CL,1554145200,72,-29.95,-71.34,18,4.1
port moresby,20,PG,1554148800,100,-9.47,147.16,23,2.6
kukmor,0,RU,1554150280,74,56.19,50.9,-4.7,1.23
egvekinot,68,RU,1554150281,95,66.32,-179.17,-3.3,1.43
vestmannaeyjar,32,IS,1554150281,97,63.44,-20.27,1.36,8.81
honningsvag,75,NO,1554148200,80,70.98,25.97,-1,6.7
boyolangu,88,ID,1554150282,96,-8.09,111.9,20.86,1.13
sola,75,NO,1554150020,60,58.89,5.65,4,6.7
doembang nangbuat,24,TH,1554149845,88,14.85,100.1,28.89,2.13
tocopilla,0,CL,1554150282,91,-22.09,-70.2,19.56,3.16
souillac,0,FR,1554150035,67,45.6,-0.6,14,0.5
provideniya,24,RU,1554150283,100,64.42,-173.23,-2.1,4.88
fairbanks,1,US,1554150134,69,64.84,-147.72,5.56,3.1
lorengau,88,PG,1554150283,97,-2.02,147.27,28.46,4.86
banda aceh,68,ID,1554150284,99,5.56,95.32,24.06,0.98
sao felix do xingu,68,BR,1554150284,81,-6.64,-51.99,28.31,0.88
yumen,80,CN,1554150030,47,40.29,97.04,5.21,4.08
chokurdakh,0,RU,1554150284,67,70.62,147.9,-18.15,1.93
de-kastri,68,RU,1554150285,90,51.48,140.77,-4.3,4.31
nikolskoye,0,RU,1554150143,69,59.7,30.79,1.67,4
pacific grove,1,US,1554150127,55,36.62,-121.92,23.89,3.6
plouzane,0,FR,1554150125,93,48.38,-4.62,10.56,1.5
tual,56,ID,1554150197,100,-5.67,132.75,26.86,5.26
srednekolymsk,48,RU,1554150286,82,67.46,153.71,-12.35,1.51
kirovskiy,44,RU,1554150286,74,45.09,133.51,-11.45,1.03
new port richey,90,US,1554150118,82,28.24,-82.72,21.11,1.5
poum,20,MK,1554145200,25,41.28,20.71,11,1.5
yakima,1,US,1554150016,39,46.6,-120.51,18.33,6.2
yeppoon,12,AU,1554147000,77,-23.13,150.74,19,3.6
san ramon de la nueva oran,48,AR,1554150288,97,-23.13,-64.33,24.46,3.41
matay,0,EG,1554150288,53,28.42,30.79,9.81,1.28
mandurah,92,AU,1554150103,88,-32.55,115.7,19,5.1
kapit,76,MY,1554150288,95,2.02,112.94,22.51,0.66
katsuura,20,JP,1554145200,69,33.93,134.5,3,1.5
luderitz,0,NA,1554150148,71,-26.65,15.16,16.46,9.11
klaksvik,68,FO,1554148200,93,62.23,-6.59,2,2.1
suclayin,24,PH,1554150289,100,15.76,121.55,25.71,4.86
yellowknife,40,CA,1554150139,57,62.45,-114.38,-6,10.3
pangnirtung,20,CA,1554145200,65,66.15,-65.72,-14,1
richards bay,92,ZA,1554150290,82,-28.77,32.06,20.91,6.08
ginda,0,IN,1554150291,60,30.69,78.49,5.16,1.26
palmer,0,AU,1554150022,87,-34.85,139.16,15.56,2.6
hasaki,75,JP,1554150278,93,35.73,140.83,2,2.1
fort saint james,0,CA,1554150292,50,54.43,-124.25,8.26,1.38
dunedin,0,NZ,1554149918,64,-45.87,170.5,10,7.6
tiksi,8,RU,1554150052,69,71.64,128.87,-15.3,1.13
hithadhoo,92,MV,1554150293,100,-0.6,73.08,28.46,3.06
yichang,92,CN,1554150293,87,30.77,111.32,12.01,1.03
lakselv,75,NO,1554150007,100,70.05,24.96,-0.57,5.1
roma,0,IT,1554150002,62,41.89,12.48,15,1.5
hammerfest,75,NO,1554148200,92,70.66,23.68,0,10.8
kisoro,8,UG,1554150294,86,-1.28,29.69,13.16,1.51
severo-kurilsk,88,RU,1554150216,100,50.68,156.12,-2.05,2.91
voskresenskoye,0,RU,1554150294,80,56.84,45.43,-5.65,1.51
noyabrsk,88,RU,1554150294,94,63.2,75.45,-0.7,6.63
pimentel,64,BR,1554150295,78,-3.7,-45.5,27.41,1.66
svetlogorsk,40,RU,1554147000,55,53.14,59.15,4,5
saldanha,80,PT,1554150295,65,41.42,-6.55,11.71,1.91
tura,0,IN,1554150296,94,25.52,90.21,17.16,2.13
husavik,32,CA,1554150003,53,50.56,-96.99,7.22,2.68
ballina,90,IE,1554150124,93,54.11,-9.15,6,5.7
mponela,80,MW,1554150296,77,-13.53,33.74,20.31,2.68
rocha,20,UY,1554150297,69,-34.48,-54.34,24.31,1.96
talaya,0,RU,1554150031,74,55.79,84.89,-1,5
pearl river,1,US,1554150009,20,32.78,-89.23,17,2.1
burnie,0,AU,1554148838,85,-41.05,145.91,10,2.11
boa vista,40,BR,1554145200,32,2.82,-60.67,36,4.6
fergus falls,75,US,1554149918,64,46.28,-96.08,3,4.6
mashivka,0,UA,1554150299,42,49.44,34.87,5.86,7.63
beringovskiy,92,RU,1554150300,100,63.05,179.32,-0.5,3.98
riyadh,44,SA,1554148800,34,24.63,46.72,18,3.1
trairi,76,BR,1554150300,100,-3.28,-39.27,27.56,1.33
bystrzyca klodzka,0,PL,1554150185,52,50.3,16.64,6.11,0.45
mackay,75,CA,1554148800,39,53.65,-115.58,7,6.7
zambezi,0,ZM,1554150301,56,-13.55,23.12,21.46,2.83
olga,1,US,1554150285,21,34.11,-118.17,30,4.6
sarangani,20,PH,1554150301,100,5.4,125.46,26.16,0.66
jining,0,CN,1554150302,54,35.41,116.58,4.41,4.18
nabire,0,ID,1554150302,93,-3.36,135.5,19.16,0.93
yar-sale,12,RU,1554150302,74,66.83,70.83,-10.3,1.83
berdyaush,92,RU,1554150302,96,55.17,59.15,1.16,2.93
superior,75,US,1554150261,36,47.19,-114.89,13.89,2.6
rancho palos verdes,75,US,1554150088,27,33.75,-118.37,29.44,1.5
tabas,44,IR,1554148800,27,33.6,56.92,25,5.1
garden city,1,US,1554150277,28,40.73,-73.63,9,7.2
ulaangom,0,MN,1554150173,60,49.98,92.07,-11.05,0.83
iqaluit,20,CA,1554149537,71,63.75,-68.52,-14,2.1
la rochelle,88,FR,1554148800,87,46.16,-1.15,12,2.1
henties bay,0,NA,1554148932,84,-22.12,14.28,16.67,2.24
saint-augustin,0,FR,1554150065,58,44.83,-0.61,15,2.6
pozo colorado,32,PY,1554150305,73,-23.49,-58.8,29.71,5.18
chifeng,8,CN,1554150306,53,42.27,118.96,-6.95,1.21
nayudupeta,0,IN,1554150306,91,13.91,79.9,23.31,2.81
grand forks,75,US,1554149736,52,47.91,-97.06,6.11,5.1
kondapalle,8,IN,1554150306,94,16.59,80.52,24.46,1.78
kutum,0,SD,1554150307,26,14.2,24.66,17.86,3.51
leningradskiy,64,RU,1554150193,96,69.38,178.42,-9.05,5.63
iquitos,40,PE,1554145200,319,-3.75,-73.25,6,3.1
enumclaw,1,US,1554150306,45,47.2,-121.99,20,2.6
cayenne,56,GF,1554147000,62,4.94,-52.33,30,6.2
sampit,92,ID,1554150308,97,-2.54,112.95,21.86,2.78
half moon bay,1,US,1554150303,87,37.46,-122.43,19.44,4.1
graaff-reinet,0,ZA,1554150309,70,-32.25,24.53,8.11,2.18
kudymkar,0,RU,1554150309,81,59.01,54.66,-3.55,3.41
talara,40,PE,1554145200,290,-4.58,-81.27,17,4.58
zhigansk,80,RU,1554150310,85,66.77,123.37,-4.65,2.73
lagoa,20,PT,1554150128,82,37.14,-8.45,16.11,6.2
karpathos,0,GR,1554148200,71,35.51,27.21,14,7.7
deep river,75,CA,1554149763,55,46.1,-77.49,3,3.1
samarai,92,PG,1554150311,100,-10.62,150.67,25.21,8.51
narodychi,0,UA,1554150311,56,51.2,29.09,1.16,3.96
lavrentiya,44,RU,1554150117,100,65.58,-170.99,-3.2,0.88
tessalit,0,ML,1554150312,29,20.2,1.01,27.71,5.43
ceuta,0,MX,1554150015,68,23.9,-106.93,26.67,4.02
mataram,56,ID,1554150312,89,-5.32,105.06,23.06,1.01
muros,20,ES,1554150305,62,42.77,-9.06,14.44,1.5
kalengwa,0,ZM,1554150313,64,-13.47,25,19.96,2.51
maragogi,48,BR,1554150313,91,-9.01,-35.22,26.36,2.33
chicama,75,PE,1554145200,73,-7.84,-79.15,23,6.7
talnakh,92,RU,1554150128,93,69.49,88.39,-4,4.28
geraldton,75,CA,1554148800,57,49.72,-86.95,0,7.2
sharan,64,AF,1554150314,74,33.15,68.78,-0.8,1.11
tamandare,12,BR,1554150314,60,-8.28,-70.75,32.56,1.81
shenjiamen,20,CN,1554150315,89,29.96,122.3,11.46,5.86
linden,40,GY,1554145200,52,6.01,-58.31,32,3.48
mount isa,0,AU,1554147000,52,-20.73,139.49,19,3.1
sibolga,64,ID,1554150316,100,1.74,98.78,20.06,0.88
la paz,5,MX,1554149726,17,24.15,-110.32,31.11,5.1
bosaso,0,SO,1554150317,100,11.28,49.18,26.11,3.18
bilibino,12,RU,1554150317,74,68.06,166.44,-6.45,2.51
parati,40,BR,1554145200,45,-20.51,-54.63,31,3.6
vila franca do campo,40,PT,1554150316,62,37.72,-25.43,14,9.8
sabalgarh,0,IN,1554150318,41,26.25,77.41,18.66,2.38
tilichiki,92,RU,1554150319,93,60.47,166.1,0.76,4.06
murchison,76,AU,1554150032,74,-36.62,145.22,10,1.46
tabou,0,CI,1554150319,96,4.42,-7.36,29.41,4.41
itarema,48,BR,1554150320,88,-2.92,-39.92,27.11,2.06
brae,92,GB,1554148200,75,60.4,-1.35,6,10.3
obo,12,CF,1554150320,86,5.39,26.49,22.06,1.28
noumea,0,NC,1554148800,94,-22.28,166.46,20,1.5
austin,1,US,1554150125,56,30.27,-97.74,17.78,2.01
muisne,75,EC,1554145200,83,0.61,-80.02,29,2.6
ojinaga,1,US,1554149799,22,29.56,-104.41,20,2.6
pavlivka,12,UA,1554150322,76,48.13,39.54,3.16,1.58
baoding,0,CN,1554150322,69,38.86,115.49,-0.7,1.13
asyut,0,EG,1554145200,50,27.18,31.19,14,4.1
nara,20,JP,1554150193,75,34.68,135.8,6,5.7
jacqueville,20,CI,1554147000,74,5.21,-4.42,30,4.1
arteaga,90,MX,1554150237,76,25.45,-100.85,20.56,1.78
bathsheba,40,BB,1554145200,65,13.22,-59.52,28,9.3
pangoa,24,PE,1554150324,80,-12.12,-73,24.96,1.16
kudahuvadhoo,76,MV,1554150324,100,2.67,72.89,28.46,1.61
linhares,48,BR,1554150260,96,-19.38,-40.06,21.96,2.16
avera,1,US,1554150323,23,33.19,-82.53,18,5.7
longyearbyen,20,NO,1554148200,60,78.22,15.63,-12,5.1
angul,0,IN,1554150325,87,20.84,85.1,22.01,1.01
bilma,20,NE,1554150326,26,18.69,12.92,22.06,2.93
picui,88,BR,1554150326,68,-6.51,-36.35,26.46,3.83
nioro,0,GM,1554150326,40,13.79,-15.05,30.66,2.33
brunsbuttel,0,DE,1554150312,42,53.9,9.15,7,2.1
westport,20,IE,1554150006,90,53.8,-9.52,5,0.89
tuy hoa,48,VN,1554150327,96,13.08,109.3,23.46,1.38
amga,0,RU,1554150327,73,60.89,131.98,-14.8,1.33
lake city,1,US,1554150251,34,38.03,-107.32,9.44,3.1
sumenep,44,ID,1554150328,100,-7.02,113.87,26.71,2.51
nhulunbuy,90,AU,1554147000,100,-12.18,136.78,25,2.1
tena,75,EC,1554146400,79,-0.99,-77.82,30,2.6
yerbogachen,88,RU,1554150329,96,61.28,108.01,1.71,5.41
nosy varika,68,MG,1554150329,100,-20.58,48.53,23.66,1.01
bonito,12,BR,1554150330,56,-21.13,-56.49,30.81,2.48
hambantota,0,LK,1554150075,100,6.12,81.12,27.11,2.36
venice,1,US,1554150142,73,27.1,-82.45,25.56,2.6
qinnan,80,CN,1554150331,77,33.25,119.91,5.66,2.23
saint-paul,0,FR,1554147000,47,45.22,1.9,11,2.6
saint george,0,GR,1554148200,62,39.45,22.34,11,3.1
teacapan,0,MX,1554150332,43,22.54,-105.74,28.81,1.78
thompson,75,CA,1554148380,55,55.74,-97.86,1,6.2
greytown,92,ZA,1554150332,94,-29.06,30.59,14.36,1.26
seoul,1,KR,1554149400,79,37.57,126.98,3,0.5
butia,0,BR,1554145200,42,-21.88,-47.57,29,1
sitka,0,US,1554148023,48,37.17,-99.65,12.78,1.34
loiza,40,PR,1554150332,69,18.43,-65.88,30,4.1
vaitape,76,PF,1554149807,100,-16.52,-151.75,28.81,2.68
nicoya,0,CR,1554145200,28,10.15,-85.45,35,3.1
qaanaaq,8,GL,1554149698,86,77.48,-69.36,-16.7,3.48
chowchilla,1,US,1554149808,41,37.12,-120.26,25,1.5
kisangani,68,CD,1554149809,89,0.52,25.21,25.51,1.13
erzin,40,TR,1554148200,82,36.95,36.2,13,3.1
taganak,75,PH,1554145200,88,6.08,118.3,25,1.5
guerrero negro,12,MX,1554149809,31,27.97,-114.04,27.26,3.31
tupik,0,RU,1554149810,65,54.43,119.94,-14.15,1.56
montepuez,0,MZ,1554149810,88,-13.13,39,19.66,1.23
menongue,20,AO,1554149810,33,-14.66,17.68,22.16,1.66
matamoros,90,US,1554149502,93,25.87,-97.51,11.67,7.2
show low,1,US,1554149741,11,34.25,-110.03,17.78,1.5
kangaatsiaq,32,GL,1554149811,100,68.31,-53.46,-6.2,3.28
san policarpo,92,PH,1554149811,100,12.18,125.51,24.21,3.96
balad,12,ID,1554149812,100,-6.76,108.42,26.01,2.01
aksarka,0,RU,1554149812,67,66.56,67.8,-10.15,3.36
phan thiet,20,VN,1554149789,100,10.93,108.1,24.86,4.51
yining,44,CN,1554149813,79,29.04,114.56,6.31,1.03
srandakan,92,ID,1554149813,100,-7.94,110.25,22.31,1.26
rome,0,IT,1554149644,62,41.89,12.48,15,1.5
thinadhoo,56,MV,1554149814,100,0.53,72.93,28.56,3.01
bonavista,80,CA,1554149701,83,48.65,-53.11,10.56,2.24
arlit,0,NE,1554149814,30,18.74,7.39,25.46,1.28
kitimat,5,CA,1554145200,40,54.02,-128.69,11,8.7
salalah,40,OM,1554144600,74,17.01,54.1,27,2.6
hagere hiywet,76,ET,1554149816,84,8.98,37.85,13.21,0.83
puerto escondido,5,MX,1554147900,66,15.86,-97.07,30,4.1
razole,0,IN,1554149816,99,16.48,81.84,28.46,5.73
mozarlandia,0,BR,1554149817,67,-14.74,-50.57,29.46,1.46
eureka,90,US,1554149765,93,40.8,-124.16,15.56,2.1
shu,100,KZ,1554149817,76,43.6,73.76,6.46,1.48
fayaoue,0,NC,1554149818,100,-20.65,166.53,26.16,7.11
lubao,75,PH,1554149734,69,14.94,120.6,27,1
praia da vitoria,40,PT,1554149746,67,38.73,-27.07,15,12.51
garcia,0,ES,1554149818,81,41.14,0.65,13.89,1
awka,32,NG,1554145200,63,6.21,7.07,33,4.18
champerico,40,MX,1554144420,40,16.38,-93.6,31,6.2
carmarthen,44,GB,1554149709,87,51.86,-4.31,11.11,5.7
katakwi,0,UG,1554149819,55,1.91,33.96,23.86,4.83
kaili,80,ID,1554149820,95,-3.46,120.21,21.71,0.81
codrington,40,AU,1554149612,93,-28.95,153.24,17,1.93
pochutla,5,MX,1554149789,66,15.74,-96.47,31.67,4.1
alice springs,0,AU,1554147000,37,-23.7,133.88,10,1.5
lancaster,1,US,1554149782,28,40.04,-76.31,8.33,6.2
elblag,0,PL,1554149736,69,54.15,19.41,4.44,3.1
kulhudhuffushi,64,MV,1554149822,100,6.62,73.07,27.86,1.16
nouakchott,0,MR,1554147000,49,18.08,-15.98,23,6.2
caravelas,12,BR,1554149822,100,-17.73,-39.27,27.21,5.43
sladkovo,12,RU,1554149822,88,55.53,70.34,2.31,8.56
sao filipe,0,CV,1554149690,97,14.9,-24.5,21.56,6.51
jieshi,44,CN,1554149823,100,22.82,115.83,18.16,8.78
gamboma,36,CG,1554149823,81,-1.87,15.88,25.11,1.33
mangaluru,20,IN,1554147000,78,12.87,74.84,28,3.08
elko,1,US,1554149778,34,40.83,-115.76,13.33,2.1
wegrow,0,PL,1554149700,52,52.4,22.02,5.56,3.46
fortuna,75,ES,1554149796,82,38.18,-1.13,15.56,2.6
tuatapere,92,NZ,1554149406,85,-46.13,167.69,9.44,5.11
syedove,44,UA,1554149825,81,47.08,38.16,8.46,4.21
ambilobe,8,MG,1554149826,98,-13.19,49.05,21.66,1.21
peterhead,0,AU,1554149768,87,-34.83,138.5,15.56,2.6
sfantu gheorghe,0,RO,1554149717,38,44.65,26.83,13.89,9.3
warrington,40,GB,1554149591,66,53.39,-2.59,11,3.6
maldonado,75,UY,1554145200,78,-34.91,-54.96,23,2.6
dodoma,20,TZ,1554145200,83,-6.18,35.75,22,5.1
yamethin,0,MM,1554149827,84,20.43,96.14,20.71,1.36
shitanjing,20,CN,1554149717,7,39.23,106.34,9.44,1.21
takab,76,IR,1554149828,94,36.4,47.11,0.46,4.83
concordia,75,AR,1554149812,66,-31.4,-58.02,30,3.1
salamiyah,8,SY,1554149828,96,35.01,37.05,5.61,2.61
beloha,0,MG,1554149829,85,-25.17,45.06,20.86,3.13
angoche,20,MZ,1554149829,100,-16.23,39.91,26.31,4.21
grand-lahou,8,CI,1554149829,80,5.24,-5,27.66,3.36
pacifica,90,US,1554149568,72,37.61,-122.49,18.33,5.1
belyy yar,0,RU,1554147000,85,53.6,91.39,-6,1
asekeyevo,68,RU,1554149830,94,53.57,52.8,0.71,2.33
erenhot,0,CN,1554149830,62,43.65,111.97,-9.2,1.13
maceio,40,BR,1554145200,66,-9.67,-35.74,29,4.6
pfarrkirchen,0,DE,1554149825,21,48.43,12.94,10,5.11
draguignan,0,FR,1554149805,62,43.54,6.46,14,1
kangundo,20,KE,1554147000,46,-1.3,37.35,23,4.1
camacha,40,PT,1554148800,67,33.08,-16.33,16,2.6
kalaleh,56,IR,1554145200,93,37.38,55.49,11,1
luocheng,92,CN,1554149832,72,28.29,114.55,11.41,1.58
okhotsk,8,RU,1554149540,86,59.36,143.24,-7.3,3.38
havre-saint-pierre,90,CA,1554147780,88,50.23,-63.6,0,7.7
vila,75,IT,1554150327,35,45.18,8.4,17.78,2.1
praya,20,ID,1554145200,100,-8.71,116.27,24,1.43
karratha,0,AU,1554150348,90,-20.74,116.85,24.56,3.36
goderich,20,CA,1554150225,67,43.74,-81.71,3.89,6.71
trelew,76,AR,1554150349,28,-43.25,-65.31,28.16,2.83
port blair,8,IN,1554150264,100,11.67,92.75,28.71,1.93
savonlinna,90,FI,1554150003,47,61.87,28.88,3,3.6
suleja,0,NG,1554145200,22,9.18,7.18,33,1.5
ostrovnoy,88,RU,1554150064,85,68.05,39.51,-6.05,6.38
sambava,68,MG,1554150350,100,-14.27,50.17,27.66,2.81
rantepao,56,ID,1554150350,100,-2.97,119.9,18.01,0.48
dolores,32,AR,1554150248,55,-36.31,-57.68,26.26,3.86
majene,36,ID,1554150351,99,-3.54,118.97,27.91,2.26
bud,0,NO,1554149850,55,62.91,6.91,5,4.1
khani,90,GE,1554147000,93,41.96,42.96,7,2.6
hobyo,0,SO,1554150352,91,5.35,48.53,25.81,3.73
puerto del rosario,20,ES,1554148800,77,28.5,-13.86,19,1.5
magnitogorsk,40,RU,1554147000,55,53.42,58.98,4,5
winnemucca,90,US,1554149713,25,40.97,-117.74,17,1.5
dzhebariki-khaya,0,RU,1554150353,67,62.22,135.8,-16.8,1.13
kony,0,HU,1554150126,61,47.63,17.36,11,4.63
sistranda,20,NO,1554149940,86,63.73,8.83,3,4.6
baracoa,0,CU,1554150354,90,20.35,-74.5,26.91,4.36
valdivia,0,CL,1554145200,59,-39.81,-73.25,19,3.6
port lincoln,0,AU,1554150354,100,-34.72,135.86,15.36,5.71
boende,48,CD,1554150355,87,-0.28,20.88,26.11,1.51
sur,0,OM,1554150355,77,22.57,59.53,26.96,2.71
tengushevo,36,RU,1554150355,80,54.77,42.72,-1.65,1.61
chernyshevskiy,88,RU,1554150355,84,63.01,112.47,-0.95,3.53
jinka,36,ET,1554150356,71,5.79,36.57,17.46,0.93
wattegama,12,LK,1554150356,93,7.35,80.68,20.86,1.66
aberystwyth,92,GB,1554150135,89,52.41,-4.08,8.33,2.36
sao geraldo do araguaia,48,BR,1554150357,84,-6.4,-48.55,28.41,2.11
los llanos de aridane,90,ES,1554150061,87,28.66,-17.92,15,5.7
ambatondrazaka,76,MG,1554150357,95,-17.82,48.43,19.71,0.98
little current,1,CA,1554148923,55,45.98,-81.93,2,7.2
manicore,40,BR,1554145200,55,-5.81,-61.3,33,1
berlevag,75,NO,1554148200,92,70.86,29.09,-1,8.7
arman,76,RU,1554150058,72,59.7,150.17,-4.15,4.83
umea,0,SE,1554148200,69,63.83,20.26,4,5.48
pangkalanbuun,24,ID,1554150201,96,-2.68,111.62,22.06,1.56
acurenam,56,GA,1554150358,91,1.03,10.67,22.96,1.26
sikasso,24,ML,1554150359,72,11.32,-5.68,27.96,1.61
kodinsk,32,RU,1554150210,67,58.6,99.18,-1.05,4.18
cherepovets,0,RU,1554147000,92,59.13,37.92,-3,1
birao,0,CF,1554150359,25,10.3,22.78,25.71,4.36
luanda,20,AO,1554148800,79,-8.83,13.24,29,4.1
obuasi,12,GH,1554150360,75,6.21,-1.69,27.51,3.36
ashiya,20,JP,1554150121,93,34.74,135.31,6,2.1
tarauaca,12,BR,1554150360,60,-8.16,-70.77,32.56,1.81
sinnamary,88,GF,1554150360,94,5.38,-52.96,26.81,4.16
nizhnevartovsk,0,RU,1554147000,64,60.93,76.58,3,6
lake charles,90,US,1554150199,36,30.23,-93.22,17,2.6
chapleau,75,CA,1554148800,40,47.85,-83.4,1,6.2
ranong,68,TH,1554150361,100,9.96,98.62,28.01,1.61
karatuzskoye,0,RU,1554150362,72,53.61,92.87,-4.05,1.33
porto novo,40,BR,1554145200,48,-23.68,-45.44,28,3.1
baiyin,0,CN,1554145200,21,36.55,104.13,4,2
kaniama,20,CD,1554150363,92,-7.57,24.18,21.21,1.01
tabory,0,PL,1554149766,54,53.89,19.53,6.11,3.36
jalu,24,LY,1554149867,46,29.03,21.55,14.86,3.28
lasa,40,CY,1554149773,87,34.92,32.53,13,2.1
florence,1,US,1554149851,30,34.8,-87.68,15,4.1
takoradi,0,GH,1554149868,97,4.89,-1.75,28.31,3.86
manaure,75,CO,1554145200,74,11.78,-72.45,29,7.2
paamiut,92,GL,1554149869,100,61.99,-49.67,-1.15,10.83
grand gaube,20,MU,1554149641,88,-20.01,57.66,23.89,2.6
naze,76,NG,1554149869,90,5.43,7.07,25.21,2.91
kandrian,56,PG,1554149870,98,-6.21,149.55,24.21,1.43
constitucion,5,MX,1554149416,10,23.99,-104.67,25,3.1
isangel,80,VU,1554149870,100,-19.55,169.27,26.61,5.71
qasigiannguit,20,GL,1554148200,48,68.82,-51.19,-8,10.8
barreirinha,64,BR,1554149871,71,-2.8,-57.07,29.41,1.83
rafraf,40,TN,1554148800,82,37.19,10.18,15,4.03
mezen,12,RU,1554149871,72,65.85,44.24,-1.85,3.58
teya,75,MX,1554149794,30,21.05,-89.07,35,2.6
kabul,0,AF,1554144600,37,34.53,69.18,13,3.6
jos,20,NG,1554149872,34,9.92,8.9,21.56,2.28
zonguldak,68,TR,1554149592,91,41.25,31.83,4.61,2.48
resistencia,0,AR,1554145200,61,-27.45,-58.99,28,5.7
dali,0,CN,1554149865,97,25.6,100.24,9.61,1.38
basoda,0,IN,1554149873,41,23.85,77.92,16.86,1.23
gat,0,SN,1554147000,60,14.69,-16.54,22,8.2
nibbar,40,TN,1554148800,82,36.29,8.77,13,0.5
liku,36,ID,1554149874,100,-0.73,119.89,25.21,1.51
bambanglipuro,92,ID,1554149874,100,-7.95,110.28,22.31,1.26
manyana,76,AU,1554149837,93,-35.26,150.51,19.44,3.6
arivonimamo,75,MG,1554147000,93,-19.01,47.18,19,2.1
gerede,20,TR,1554149801,77,40.8,32.2,-7.15,1.16
vanavara,88,RU,1554149875,74,60.35,102.28,-0.55,5.26
mogadishu,0,SO,1554149633,99,2.04,45.34,28.36,6.91
lubu,100,CN,1554149875,100,23.17,112.28,16.86,1.33
ponta delgada,40,PT,1554149836,62,37.73,-25.67,14,9.8
sertanopolis,20,BR,1554145200,43,-23.06,-51.04,31,1.5
daru,20,SL,1554149876,92,7.99,-10.85,24.51,1.68
bonthe,32,SL,1554149876,79,7.53,-12.5,28.86,2.16
adrar,0,DZ,1554148800,22,27.87,-0.29,24,3.6
ust-barguzin,36,RU,1554149877,72,53.41,109.03,-8.95,1.73
amazar,0,RU,1554149877,64,53.86,120.88,-13.8,1.03
canutama,32,BR,1554149877,43,-6.53,-64.38,34.81,1.38
urucara,32,BR,1554149872,82,-2.54,-57.76,28.56,1.28
cefalu,92,IT,1554149868,76,38.04,14.02,14.44,0.45
yulara,0,AU,1554145200,33,-25.24,130.99,14,2.6
progreso,75,UY,1554148885,65,-34.68,-56.22,26,3.1
acapulco,5,MX,1554147960,55,16.86,-99.88,30,3.6
anaconda,90,US,1554149810,33,46.13,-112.94,7,1.5
gouyave,20,GD,1554145200,66,12.16,-61.73,29,7.7
nemuro,68,JP,1554149880,100,43.32,145.57,-0.7,3.93
wanning,0,AT,1554149825,77,48.64,13.53,10,4.1
rawson,76,AR,1554149880,28,-43.3,-65.11,28.16,2.83
nanakuli,40,US,1554149733,57,21.39,-158.15,26.11,3.6
foldeak,0,HU,1554149830,40,46.32,20.5,13,8.2
tazovskiy,76,RU,1554149656,84,67.47,78.7,-7.8,5.16
tabuk,88,PH,1554149881,96,17.41,121.44,18.86,0.76
barguzin,32,RU,1554149882,63,53.62,109.63,-11.6,1.48
imbituba,20,BR,1554145200,65,-28.24,-48.67,28,3.1
anadyr,40,RU,1554149563,92,64.73,177.51,-1.11,12
bagan,0,RU,1554149883,75,54.1,77.67,-3.55,3.16
roquetas de mar,20,ES,1554149418,82,36.76,-2.61,16,2.1
blind river,1,CA,1554149700,35,46.19,-82.96,4,4.1
dicabisagan,88,PH,1554149883,100,17.08,122.42,22.71,1.38
tongzi,92,CN,1554149884,97,28.78,105.09,14.36,2.36
sudak,12,UA,1554149884,98,44.85,34.97,2.31,1.46
merauke,92,ID,1554149884,100,-8.49,140.4,24.26,4.53
kastamonu,56,TR,1554149884,85,41.38,33.78,-3.15,1.56
namibe,8,AO,1554149885,94,-15.19,12.15,27.21,6.68
laguna,75,MX,1554147720,19,27.52,-110.01,31,2.46
bushehr,88,IR,1554145200,52,28.97,50.84,21,5.1
ajdabiya,100,LY,1554149886,40,30.75,20.22,15.51,5.51
komsomolskiy,56,RU,1554149886,91,67.55,63.78,-3.8,7.23
mabaruma,0,GY,1554149886,70,8.2,-59.78,28.31,3.71
capoterra,0,IT,1554148200,82,39.18,8.97,13,2.1
terra rica,32,BR,1554149887,63,-22.73,-52.62,28.61,1.28
maniitsoq,48,GL,1554149736,85,65.42,-52.9,-6.5,4.06
joshimath,0,IN,1554149887,96,30.57,79.57,-15.15,0.56
fare,64,PF,1554149887,99,-16.7,-151.02,28.86,2.51
pantai remis,75,MY,1554145200,94,4.46,100.63,25,1.46
campeche,20,MX,1554148020,58,19.84,-90.54,30,5.1
lethem,0,GY,1554149888,28,3.38,-59.8,37.16,6.51
ulladulla,76,AU,1554149722,93,-35.36,150.48,13,3.6
new ulm,75,US,1554149859,64,44.31,-94.46,6.11,4.1
las colinas,20,NI,1554145200,36,12.1,-86.23,35,5.1
galle,20,US,1554149848,41,29.74,-97.91,17.22,2.6
moyale,0,ET,1554149890,62,3.52,39.05,20.71,1.88
barra,8,BR,1554149664,81,-11.09,-43.14,26.46,1.66
tooele,40,US,1554149657,43,40.53,-112.3,15,5.1
brest,0,BY,1554149890,55,52.09,23.69,-0.5,3.31
ishigaki,64,JP,1554149891,100,24.34,124.16,20.81,8.46
ous,0,RU,1554149891,76,60.91,61.52,-1.55,3.76
limbang,75,BN,1554147000,94,4.75,115.01,25,0.5
dubbo,20,AU,1554149891,87,-32.25,148.6,13.46,4.86
merrill,90,US,1554149884,81,42.03,-121.6,10.56,2.6
nenjiang,0,CN,1554149892,67,49.17,125.23,-10.15,3.53
kawalu,64,ID,1554149892,100,-7.38,108.21,18.06,0.76
solnechnyy,80,RU,1554149892,78,50.72,136.64,-5.45,2.28
stromness,1,CA,1554149883,100,42.87,-79.55,3.89,7.2
turbat,0,PK,1554149893,32,26,63.05,27.86,3.16
bedford,0,GB,1554149814,65,52.14,-0.47,9.44,1.5
dagua,75,CO,1554148800,78,3.66,-76.69,24,2.6
banepa,20,NP,1554148200,67,27.63,85.52,15,2.1
west bay,0,GB,1554149888,81,50.71,-2.76,9.44,2.83
hay river,20,CA,1554145200,63,60.82,-115.79,-2,6.2
tungor,88,RU,1554149895,92,53.39,142.95,-6.85,3.86
necochea,0,AR,1554149895,46,-38.55,-58.74,27.16,3.31
morristown,1,US,1554149610,27,36.21,-83.29,13.89,3.1
vanimo,80,PG,1554149896,97,-2.67,141.3,28.81,7.31
tevaitoa,64,PF,1554149896,99,-16.78,-151.5,28.86,2.51
aleksandrovsk-sakhalinskiy,80,RU,1554149896,87,50.9,142.16,-4.55,5.21
college,1,US,1554149818,69,64.86,-147.8,5.56,3.1
kingman,1,US,1554149745,12,35.19,-114.05,27.22,6.2
tautira,75,PF,1554149558,66,-17.73,-149.15,31,5.7
laramie,90,US,1554149896,38,41.31,-105.59,8,8.2
zyryanka,76,RU,1554149898,76,65.73,150.89,-12.45,2.61
cairns,90,AU,1554149762,88,-16.92,145.77,24,5.7
shiyan,80,CN,1554149899,56,32.65,110.78,9.31,0.81
emba,40,CY,1554149773,87,34.81,32.42,13,2.1
dawei,8,MM,1554149899,90,14.07,98.19,22.36,1.01
volkhov,24,RU,1554149296,77,59.92,32.34,-2.22,2.81
tsiroanomandidy,56,MG,1554149900,92,-18.77,46.05,17.81,1.23
ampanihy,0,MG,1554149900,77,-24.69,44.75,20.96,4.08
shingu,0,JP,1554149900,100,33.72,135.99,7.81,7.78
ravar,0,IR,1554149900,21,31.27,56.81,21.86,3.83
warrnambool,36,AU,1554149828,97,-38.38,142.48,10,3.68
bahia blanca,64,AR,1554149683,56,-38.72,-62.27,26.71,5.71
monterey,1,US,1554149885,55,36.6,-121.89,23.33,3.6
youkounkoun,0,GN,1554149902,41,12.53,-13.12,31.61,2.41
omboue,32,GA,1554149895,98,-1.57,9.26,29.21,5.28
finspang,0,SE,1554149746,55,58.71,15.77,3,2.6
urengoy,88,RU,1554149902,88,65.96,78.37,-4.55,5.48
la ronge,90,CA,1554146040,56,55.1,-105.3,0,6.2
general pico,88,AR,1554149655,86,-35.66,-63.75,23.76,3.36
chara,0,GR,1554148200,62,39.42,22.43,11,3.1
bolobo,56,CD,1554149903,72,-2.17,16.23,27.46,2.16
wurzen,0,DE,1554149891,52,51.37,12.74,7.78,7.2
keti bandar,0,PK,1554149904,93,24.14,67.45,25.56,3.71
denpasar,20,ID,1554147000,83,-8.65,115.22,26,1.5
aktau,75,KZ,1554147000,93,43.65,51.16,7,9
baglung,56,NP,1554149905,100,28.27,83.59,6.46,1.13
skibotn,40,NO,1554146400,100,69.39,20.27,0,6.7
alamor,75,EC,1554145200,78,-4.02,-80.02,32,4.1
aklavik,75,CA,1554145200,79,68.22,-135.01,-5,2.6
kaeo,20,NZ,1554149285,96,-35.1,173.78,16.67,2.24
richmond,1,CA,1554149823,76,49.16,-123.14,21.11,4.6
qeshm,0,IR,1554147000,64,26.96,56.27,26,2.1
igarka,56,RU,1554149907,90,67.47,86.57,-5.45,3.73
saulkrasti,0,LV,1554149887,92,57.26,24.42,-1.11,0.5
storsteinnes,75,NO,1554149755,80,69.24,19.23,1,6.7
umm lajj,0,SA,1554149645,100,25.02,37.27,13.96,2.28
hirara,0,JP,1554149907,100,24.8,125.28,19.86,8.86
mahibadhoo,68,MV,1554149908,100,3.78,72.97,28.56,1.26
sitangkai,80,PH,1554149908,100,4.66,119.39,27.36,4.03
bagdarin,8,RU,1554149908,62,54.44,113.59,-14.2,1.61
faanui,68,PF,1554149909,100,-16.48,-151.75,28.21,2.83
tosya,64,TR,1554149799,76,41.02,34.04,-0.85,0.98
kristianstad,0,SE,1554149768,97,56.03,14.16,3,2.1
tinyahuarco,48,PE,1554149909,69,-10.75,-76.3,12.86,1.23
andra,24,RU,1554149910,82,62.52,65.89,-1.7,5.31
botucatu,0,BR,1554149663,43,-22.89,-48.44,26.86,2.36
orocue,68,CO,1554149910,72,4.79,-71.34,29.51,5.11
seymchan,88,RU,1554149910,83,62.93,152.39,-8,5.21
vestmanna,68,FO,1554148200,93,62.16,-7.17,2,2.1
kroya,8,ID,1554149911,95,-6.5,108.06,21.06,1.13
mount gambier,44,AU,1554145200,93,-37.83,140.78,6,3.1
port-cartier,90,CA,1554149858,58,50.03,-66.88,-0.57,7.7
poplar bluff,1,US,1554149792,46,36.76,-90.39,11,3.1
buta,56,CD,1554149912,93,2.79,24.73,22.31,1.73
shchors,36,UA,1554149912,54,51.82,31.95,2.36,4.71
abu dhabi,36,AE,1554145200,39,24.47,54.37,33,1
balvi,0,LV,1554149913,70,57.13,27.27,-1.2,3.73
antalaha,92,MG,1554149825,89,-14.9,50.28,26.86,1.71
gunnedah,40,AU,1554147960,82,-30.98,150.25,16,1.5
diego de almagro,0,CL,1554149914,68,-26.39,-70.05,20.46,1.61
rantauprapat,88,ID,1554149914,92,2.1,99.83,21.26,0.91
karangasem,12,ID,1554149915,100,-6.7,108.49,26.01,2.01
inta,88,RU,1554149915,81,66.04,60.13,-2.5,3.83
mao,40,DO,1554149702,52,19.55,-71.08,31.67,5.1
mucuri,0,BR,1554149915,79,-18.08,-39.55,26.21,4.21
saucillo,36,MX,1554149916,19,28.03,-105.29,23.11,2.03
diffa,32,NE,1554149645,16,13.32,12.61,28.56,5.21
nalut,44,LY,1554149916,71,31.86,10.98,14.41,4.31
carauari,36,BR,1554149916,73,-4.88,-66.9,30.31,0.78
axim,0,GH,1554149917,96,4.87,-2.24,28.71,4.66
nathdwara,0,IN,1554149917,44,24.93,73.82,17.41,0.81
batken,92,KG,1554149917,77,40.06,70.82,8.76,1.06
oxelosund,0,SE,1554146400,59,58.67,17.1,3,3.6
loralai,8,PK,1554149918,47,30.37,68.6,9.61,2.03
katangli,92,RU,1554149918,91,51.71,143.23,-3.85,6.33
saint-joseph,0,FR,1554149884,62,43.56,6.97,15.56,1
